Year,Week,Falls Creek_MaxTemp,Mt. Baw Baw_MaxTemp,Mt. Buller_MaxTemp,Mt. Hotham_MaxTemp,Perisher_MaxTemp,Selwyn_MaxTemp,Thredbo_MaxTemp,Charlotte Pass_MaxTemp,Mt. Stirling_MaxTemp,Falls Creek_MinTemp,Mt. Baw Baw_MinTemp,Mt. Buller_MinTemp,Mt. Hotham_MinTemp,Perisher_MinTemp,Selwyn_MinTemp,Thredbo_MinTemp,Charlotte Pass_MinTemp,Mt. Stirling_MinTemp,Falls Creek_Rainfall,Mt. Baw Baw_Rainfall,Mt. Buller_Rainfall,Mt. Hotham_Rainfall,Perisher_Rainfall,Selwyn_Rainfall,Thredbo_Rainfall,Charlotte Pass_Rainfall,Mt. Stirling_Rainfall,Mt. Baw Baw,Mt. Stirling,Mt. Hotham,Falls Creek,Mt. Buller,Selwyn,Thredbo,Perisher,Charlotte Pass
2014,1,4.6,4.957142857142857,4.271428571428571,3.4571428571428577,6.328571428571428,6.828571428571428,4.714285714285714,5.521428571428571,4.271428571428571,-0.3,1.1,-0.014285714285714266,-1.1428571428571428,-1.5857142857142856,1.5714285714285714,-2.0,-1.7928571428571427,-0.014285714285714266,23.8,24.4,23.799999999999997,42.0,62.0,29.200000000000003,40.6,51.3,23.799999999999997,555,60,3483,2790,8296,1041,5535,7370,408
2014,2,4.414285714285714,5.485714285714286,5.257142857142857,3.0,5.257142857142857,6.714285714285714,2.6571428571428575,3.9571428571428573,5.257142857142857,-0.2857142857142857,0.8142857142857143,-0.34285714285714286,-1.2571428571428573,-1.8571428571428572,1.5285714285714285,-1.6857142857142857,-1.7714285714285714,-0.34285714285714286,7.6,21.0,47.6,13.0,13.799999999999999,14.4,8.0,10.899999999999999,47.6,804,42,1253,1425,1987,383,2090,2751,151
2014,3,0.09999999999999999,1.042857142857143,0.3857142857142857,-0.9000000000000001,0.8857142857142856,1.6714285714285713,-1.0285714285714287,-0.07142857142857156,0.3857142857142857,-2.8285714285714287,-1.8142857142857143,-2.5142857142857147,-3.2857142857142856,-2.457142857142857,-0.8571428571428571,-4.114285714285715,-3.2857142857142856,-2.5142857142857147,69.6,76.6,133.6,24.4,220.6,109.0,4.2,112.39999999999999,133.6,993,30,2992,2101,2413,597,3216,4255,230
2014,4,1.3857142857142857,2.5285714285714285,0.9571428571428572,-0.9857142857142858,2.9428571428571426,3.142857142857143,-1.3142857142857143,0.8142857142857142,0.9571428571428572,-2.685714285714286,-0.9571428571428572,-1.8571428571428572,-3.4714285714285715,-2.457142857142857,-0.7571428571428571,-4.357142857142857,-3.4071428571428566,-1.8571428571428572,24.2,82.0,80.0,0.6,53.8,60.2,0.4,27.099999999999998,80.0,2976,165,9680,9544,18831,2877,15497,20265,1134
2014,5,-0.7285714285714286,0.6857142857142857,-0.2857142857142857,-1.8428571428571427,1.1857142857142857,1.2714285714285716,-1.6857142857142857,-0.25,-0.2857142857142857,-3.7571428571428567,-2.257142857142857,-3.4,-4.0,-3.757142857142857,-2.257142857142857,-5.185714285714285,-4.4714285714285715,-3.4,13.600000000000001,82.6,71.4,3.2,39.0,44.2,3.0,21.0,71.4,11112,645,29628,26211,49217,8588,46546,61339,3403
2014,6,0.28571428571428564,1.0142857142857142,-1.0,-1.9571428571428573,1.7857142857142858,2.7857142857142856,-1.8714285714285717,-0.04285714285714293,-1.0,-3.957142857142857,-2.4285714285714284,-3.585714285714286,-4.442857142857142,-4.357142857142857,-1.6142857142857143,-5.414285714285714,-4.885714285714285,-3.585714285714286,62.8,57.599999999999994,37.2,0.6,51.4,30.8,3.5999999999999996,27.5,37.2,13381,1316,36665,33392,59693,10682,58668,76855,4305
2014,7,3.1,3.7857142857142856,2.3714285714285714,0.12857142857142853,5.085714285714286,5.528571428571429,1.2571428571428573,3.1714285714285717,2.3714285714285714,-0.8857142857142858,0.014285714285714322,-1.5142857142857142,-3.242857142857143,-4.357142857142857,0.8857142857142858,-4.5,-4.428571428571429,-1.5142857142857142,8.6,8.4,26.4,47.4,5.0,5.0,3.4,4.2,26.4,8832,684,26465,28149,45788,8180,44109,57593,3236
2014,8,0.18571428571428558,1.6999999999999997,0.4428571428571428,-0.9428571428571428,1.7714285714285716,3.3714285714285714,-0.8285714285714286,0.4714285714285715,0.4428571428571428,-3.3285714285714287,-2.1714285714285713,-2.985714285714286,-3.9571428571428577,-3.6571428571428575,-1.0285714285714287,-4.371428571428572,-4.014285714285714,-2.985714285714286,33.8,56.0,101.0,87.2,58.199999999999996,14.799999999999999,28.0,43.099999999999994,101.0,9347,1250,21679,24565,41720,7267,39654,52426,2901
2014,9,2.3714285714285714,2.1142857142857143,1.157142857142857,0.7000000000000001,5.2,4.714285714285714,2.2,3.7,1.157142857142857,-2.5714285714285716,-2.0142857142857142,-3.5142857142857147,-3.757142857142857,-5.542857142857143,-0.8428571428571429,-4.628571428571428,-5.085714285714285,-3.5142857142857147,2.0,11.600000000000001,6.6000000000000005,3.0,2.6,0.0,0.0,1.3,6.6000000000000005,10071,1280,31019,28981,48984,8708,46875,62654,3391
2014,10,3.4,3.542857142857143,3.7142857142857144,1.6571428571428573,4.042857142857143,5.8428571428571425,1.5142857142857142,2.7785714285714285,3.7142857142857144,-4.542857142857143,-2.1142857142857143,-3.8714285714285714,-5.485714285714286,-7.957142857142857,-2.2857142857142856,-7.042857142857143,-7.5,-3.8714285714285714,0.0,23.2,5.0,4.8,10.8,2.0,0.6000000000000001,5.7,5.0,11071,1653,30360,33125,47315,9133,48777,64928,3549
2014,11,4.428571428571429,5.285714285714286,4.314285714285715,2.6999999999999997,5.628571428571428,8.614285714285714,2.371428571428571,3.9999999999999996,4.314285714285715,-0.4857142857142857,-0.05714285714285713,-0.32857142857142857,-1.2714285714285716,-3.257142857142857,1.1,-4.257142857142857,-3.757142857142857,-0.32857142857142857,24.4,22.0,0.4,22.0,68.4,6.0,19.4,43.900000000000006,0.4,10079,902,35923,36486,43314,8968,49003,64834,3608
2014,12,7.028571428571429,8.257142857142856,7.0857142857142845,5.485714285714286,6.528571428571428,9.057142857142859,3.957142857142857,5.242857142857142,7.0857142857142845,0.0714285714285714,1.8285714285714287,1.1714285714285713,-0.4571428571428572,-3.685714285714286,0.9571428571428572,-2.957142857142857,-3.321428571428571,1.1714285714285713,9.0,6.8,0.6000000000000001,9.399999999999999,32.4,1.2,15.0,23.7,0.6000000000000001,7635,847,32657,34468,41063,8404,44164,59121,3258
2014,13,3.528571428571429,5.814285714285715,4.414285714285714,1.457142857142857,4.7,8.4,0.8142857142857143,2.757142857142857,4.414285714285714,-2.1,-0.3142857142857142,-1.7,-3.4714285714285715,-4.3,-0.31428571428571433,-5.457142857142857,-4.878571428571428,-1.7,25.4,40.6,29.8,6.2,35.2,6.4,9.4,22.3,29.8,4681,522,28855,30104,41063,6975,38470,50737,2837
2014,14,5.7,5.671428571428572,5.271428571428571,4.185714285714286,6.885714285714286,8.885714285714284,3.957142857142857,5.421428571428572,5.271428571428571,-0.1999999999999999,1.0142857142857145,0.27142857142857146,-0.9571428571428573,-0.6428571428571429,2.2714285714285714,-1.4000000000000001,-1.0214285714285716,0.27142857142857146,44.8,34.4,33.6,90.4,49.0,25.2,48.8,48.9,33.6,1904,267,18708,23864,26222,4628,25734,33833,1898
2014,15,5.771428571428571,4.728571428571429,4.8428571428571425,3.542857142857143,6.057142857142858,8.442857142857141,2.6285714285714286,4.342857142857143,4.8428571428571425,-1.8714285714285714,-0.6428571428571429,-1.5142857142857142,-2.742857142857143,-2.2142857142857144,1.1142857142857143,-2.8000000000000003,-2.507142857142857,-1.5142857142857142,3.0,51.8,20.8,13.0,19.2,9.600000000000001,10.6,14.899999999999999,20.8,0,66,11117,15869,11881,2566,13890,18381,995
2015,1,6.7,5.942857142857143,6.285714285714286,6.171428571428572,9.385714285714286,8.714285714285714,7.014285714285713,8.2,6.285714285714286,-0.15714285714285717,-0.11428571428571425,0.028571428571428532,-0.457142857142857,-2.9428571428571426,2.0714285714285716,-1.842857142857143,-2.392857142857143,0.028571428571428532,0.2,20.400000000000002,17.8,21.8,1.5999999999999999,1.8,6.0,3.8,17.8,3185,39,4997,4799,15612,2238,12039,15906,892
2015,2,2.9285714285714284,2.942857142857143,3.2142857142857144,8.9,4.057142857142857,5.985714285714286,2.1714285714285713,3.114285714285714,3.2142857142857144,-1.2428571428571427,-0.5857142857142855,-1.2571428571428573,3.0,-2.4857142857142853,1.1714285714285715,-3.114285714285714,-2.8,-1.2571428571428573,28.2,25.400000000000002,8.0,14.4,87.2,24.8,53.0,70.1,8.0,2058,63,1797,3293,6592,1001,5540,7363,405
2015,3,5.671428571428572,5.557142857142857,5.357142857142857,8.9,8.071428571428571,7.514285714285714,6.1000000000000005,7.085714285714285,5.357142857142857,-1.1857142857142857,-0.2285714285714286,-1.3142857142857143,3.0,-2.7714285714285714,1.7571428571428573,-0.7714285714285715,-1.7714285714285714,-1.3142857142857143,7.2,0.7999999999999999,0.6,16.2,0.0,3.4000000000000004,1.4,0.7,0.6,1745,51,3605,5965,6648,1331,7069,9360,501
2015,4,2.6571428571428575,2.414285714285714,1.2142857142857142,8.9,5.414285714285714,4.085714285714286,3.3285714285714283,4.371428571428571,1.2142857142857142,-3.257142857142857,-1.9714285714285715,-3.1714285714285713,3.0,-6.528571428571429,-2.5714285714285716,-4.971428571428571,-5.75,-3.1714285714285713,3.2,21.2,11.799999999999999,3.8000000000000003,6.800000000000001,7.2,0.0,3.4000000000000004,11.799999999999999,2751,27,13197,11758,18766,3211,17634,23296,1303
2015,5,0.6714285714285715,1.7,0.6857142857142857,2.2142857142857144,3.3285714285714287,3.457142857142857,0.6857142857142858,2.007142857142857,0.6857142857142857,-2.8428571428571425,-1.1142857142857143,-2.7857142857142856,0.20000000000000004,-4.957142857142857,-1.4285714285714286,-4.7,-4.828571428571429,-2.7857142857142856,36.800000000000004,16.8,36.4,1.6,41.0,43.2,2.2,21.6,36.4,6748,69,22318,20779,38879,6658,35918,47607,2645
2015,6,-1.2714285714285716,-0.08571428571428573,-1.1714285714285713,-2.6571428571428575,0.42857142857142855,1.3285714285714287,-2.3857142857142857,-0.9785714285714285,-1.1714285714285713,-5.542857142857143,-3.6,-5.3,-5.885714285714286,-5.5,-2.6999999999999997,-7.1000000000000005,-6.300000000000001,-5.3,35.199999999999996,165.2,34.0,0.0,48.0,29.8,8.8,28.4,34.0,8269,240,27894,24064,45629,8112,43234,57282,3211
2015,7,0.44285714285714295,1.3714285714285717,0.35714285714285715,-0.6571428571428571,1.7857142857142858,3.2142857142857144,-0.1142857142857143,0.8357142857142857,0.35714285714285715,-2.1,-1.5,-2.3000000000000003,-3.1999999999999997,-3.2285714285714286,0.42857142857142855,-4.328571428571428,-3.7785714285714285,-2.3000000000000003,37.599999999999994,21.6,56.4,46.0,83.4,48.599999999999994,10.8,47.1,56.4,8219,714,22620,27566,38873,7373,40967,54202,2996
2015,8,-0.35714285714285715,0.4857142857142857,0.24285714285714288,-1.157142857142857,2.0,3.1285714285714286,-0.3428571428571429,0.8285714285714285,0.24285714285714288,-4.0285714285714285,-3.5714285714285716,-4.514285714285714,-4.542857142857143,-3.642857142857143,-1.3857142857142857,-4.7,-4.171428571428572,-4.514285714285714,17.8,47.8,52.6,0.0,77.19999999999999,66.0,22.0,49.599999999999994,52.6,8600,558,17562,25955,36714,6601,36200,48170,2661
2015,9,-0.5285714285714286,0.11428571428571432,-1.0,-2.3714285714285714,0.7,0.9714285714285715,-2.357142857142857,-0.8285714285714286,-1.0,-5.042857142857143,-3.4,-4.757142857142857,-5.642857142857143,-7.1000000000000005,-3.185714285714286,-6.942857142857143,-7.021428571428572,-4.757142857142857,5.8,89.8,41.6,0.6,53.400000000000006,17.2,21.400000000000002,37.400000000000006,41.6,8932,1218,27850,31872,38171,7983,43268,57548,3148
2015,10,0.9142857142857143,1.842857142857143,0.3857142857142857,-1.1285714285714286,3.3,3.1,0.3000000000000001,1.8,0.3857142857142857,-3.185714285714286,-1.9000000000000001,-2.457142857142857,-3.314285714285714,-3.2714285714285714,-1.0142857142857142,-4.885714285714286,-4.078571428571429,-2.457142857142857,4.8,16.2,24.2,20.599999999999998,5.6,7.0,1.6,3.5999999999999996,24.2,10429,1371,31159,35417,41782,9023,48525,64346,3473
2015,11,3.2714285714285714,3.6714285714285713,2.7428571428571433,1.1714285714285713,5.528571428571429,6.685714285714285,2.0142857142857147,3.7714285714285722,2.7428571428571433,-2.357142857142857,-0.9428571428571428,-1.9285714285714286,-4.1000000000000005,-3.142857142857143,0.18571428571428555,-3.657142857142857,-3.4,-1.9285714285714286,3.8000000000000003,29.000000000000004,12.4,26.200000000000003,27.2,29.799999999999997,17.8,22.5,12.4,10927,1146,35122,37063,44060,9492,51900,68527,3719
2015,12,1.4857142857142858,0.8571428571428571,1.5571428571428572,0.9571428571428572,2.6142857142857143,4.757142857142857,0.05714285714285716,1.3357142857142859,1.5571428571428572,-2.7857142857142856,-2.0571428571428574,-2.6714285714285713,-3.042857142857143,-1.4428571428571428,0.18571428571428572,-3.1714285714285713,-2.307142857142857,-2.6714285714285713,42.400000000000006,91.4,24.400000000000002,19.4,94.0,39.599999999999994,28.6,61.3,24.400000000000002,9027,744,30754,36903,38823,8436,46015,60788,3358
2015,13,4.057142857142857,4.414285714285715,4.3428571428571425,4.742857142857142,5.585714285714286,7.5,1.4857142857142858,3.535714285714286,4.3428571428571425,-1.9428571428571428,-1.9428571428571428,-1.2571428571428573,-2.457142857142857,-4.585714285714286,-0.31428571428571433,-4.4,-4.492857142857144,-1.2571428571428573,5.4,1.0,3.8,5.0,29.0,20.0,12.2,20.6,3.8,6236,618,25367,33126,38042,7256,39850,52337,2909
2015,14,5.942857142857143,7.028571428571429,5.514285714285714,4.8,7.057142857142857,9.014285714285714,4.414285714285714,5.735714285714286,5.514285714285714,-1.1714285714285713,0.2857142857142857,-0.8428571428571429,-1.9,-1.7142857142857142,1.2142857142857142,-2.8285714285714287,-2.2714285714285714,-0.8428571428571429,7.8,32.8,24.8,9.8,12.4,18.2,1.2,6.8,24.8,4387,429,30754,28099,23919,6011,33284,43826,2403
2015,15,6.6000000000000005,5.771428571428571,7.014285714285714,4.8,7.142857142857143,10.085714285714285,4.857142857142857,6.0,7.014285714285714,0.37142857142857133,0.4571428571428572,-0.028571428571428532,-1.9,-1.9714285714285715,2.3285714285714287,-1.857142857142857,-1.9142857142857141,-0.028571428571428532,6.0,24.6,12.4,11.6,10.6,2.6,10.8,10.7,12.4,2247,249,12005,18548,21892,3722,20568,27009,1492
2016,1,2.442857142857143,3.2714285714285714,2.814285714285714,1.7,2.9857142857142853,4.142857142857143,1.5714285714285714,2.2785714285714285,2.814285714285714,-1.4428571428571428,-0.3571428571428571,-1.6714285714285713,-2.142857142857143,-0.8571428571428571,0.6428571428571429,-1.842857142857143,-1.35,-1.6714285714285713,62.2,49.8,132.8,109.8,201.8,162.4,128.4,165.10000000000002,132.8,1154,39,4590,3840,8368,1329,7167,9419,531
2016,2,6.228571428571429,7.114285714285714,6.742857142857143,5.128571428571428,7.128571428571429,7.928571428571429,5.3428571428571425,6.235714285714286,6.742857142857143,-0.14285714285714274,1.8714285714285717,0.9285714285714286,0.44285714285714295,-0.8428571428571427,2.3428571428571425,0.1285714285714286,-0.3571428571428571,0.9285714285714286,13.8,1.0,11.0,27.599999999999998,21.0,13.6,23.0,22.0,11.0,1298,36,1860,2176,5298,764,4083,5380,301
2016,3,-0.29999999999999993,0.2857142857142857,-0.39999999999999997,-1.4142857142857144,0.7571428571428572,2.1142857142857143,-1.657142857142857,-0.4499999999999999,-0.39999999999999997,-2.8857142857142857,-1.6714285714285715,-2.542857142857143,-3.442857142857143,-2.8285714285714287,-1.0571428571428572,-3.957142857142857,-3.392857142857143,-2.542857142857143,77.4,99.8,122.39999999999999,21.6,166.2,106.2,35.4,100.8,122.39999999999999,2306,186,8368,10297,17606,2903,15501,20567,1096
2016,4,-0.17142857142857146,1.042857142857143,-0.2571428571428572,-1.0285714285714287,3.814285714285714,1.9428571428571428,-0.028571428571428532,1.8928571428571428,-0.2571428571428572,-3.6571428571428575,-1.9571428571428573,-3.0142857142857147,-4.5285714285714285,-4.457142857142857,-2.1142857142857143,-5.271428571428571,-4.864285714285714,-3.0142857142857147,10.4,16.8,50.8,1.2,16.4,8.4,1.2,8.799999999999999,50.8,8796,480,17433,23077,37586,6868,36917,49193,2705
2016,5,1.7857142857142858,2.857142857142857,1.2857142857142858,0.39999999999999997,3.8000000000000003,4.571428571428571,1.5571428571428572,2.678571428571429,1.2857142857142858,-1.2,-0.08571428571428573,-0.6571428571428571,-1.8571428571428572,-1.0142857142857145,0.21428571428571433,-2.257142857142857,-1.6357142857142857,-0.6571428571428571,38.2,103.2,14.2,2.4,54.2,14.399999999999999,36.0,45.1,14.2,7976,711,21302,33309,56664,9151,48170,64386,3570
2016,6,2.0857142857142854,2.414285714285714,2.2714285714285714,-0.4000000000000001,1.3428571428571432,4.228571428571429,1.0571428571428572,1.2000000000000002,2.2714285714285714,-3.185714285714286,-2.5714285714285716,-3.271428571428572,-4.571428571428571,-3.8000000000000003,-1.5857142857142859,-4.942857142857143,-4.371428571428572,-3.271428571428572,34.199999999999996,26.6,43.8,14.4,87.6,30.400000000000002,11.2,49.4,43.8,6614,840,25173,38818,44445,8336,45940,61295,3316
2016,7,3.5285714285714285,3.9857142857142853,3.8142857142857145,2.6714285714285717,4.914285714285714,6.314285714285715,3.042857142857143,3.9785714285714286,3.8142857142857145,0.1857142857142858,0.5571428571428572,0.12857142857142861,-0.6571428571428571,-0.028571428571428723,2.3428571428571425,-0.7285714285714286,-0.37857142857142867,0.12857142857142861,86.8,55.4,106.0,132.0,207.6,64.4,109.19999999999999,158.39999999999998,106.0,5267,694,20774,30873,37928,6817,37172,48984,2689
2016,8,-0.3571428571428571,1.442857142857143,-0.0142857142857143,-1.3714285714285714,1.7571428571428573,1.0571428571428572,-0.014285714285714266,0.8714285714285716,-0.0142857142857143,-3.5714285714285716,-2.2857142857142856,-3.0714285714285716,-3.9,-3.9,-2.2142857142857144,-4.6571428571428575,-4.2785714285714285,-3.0714285714285716,11.399999999999999,24.200000000000003,80.4,3.4,64.6,16.6,0.4,32.5,80.4,6394,1326,19557,36692,39125,7706,41911,55233,3038
2016,9,0.1285714285714286,0.5428571428571428,0.7428571428571429,-0.1,1.5,3.414285714285714,-0.9714285714285714,0.2642857142857143,0.7428571428571429,-3.6571428571428575,-2.2857142857142856,-3.4,-0.5,-4.828571428571428,-0.9,-6.585714285714286,-5.707142857142857,-3.4,29.0,48.199999999999996,51.00000000000001,0.0,27.000000000000004,22.400000000000002,9.6,18.3,51.00000000000001,6676,1122,27232,40090,46055,8763,47536,63067,3384
2016,10,0.8428571428571429,2.5285714285714285,1.1428571428571428,-0.1,4.1,4.885714285714286,1.7142857142857142,2.907142857142857,1.1428571428571428,-2.7714285714285714,-1.885714285714286,-2.685714285714286,-0.5,-3.6,-0.7,-4.457142857142857,-4.0285714285714285,-2.685714285714286,20.0,15.8,48.2,22.4,30.6,10.8,19.400000000000002,25.0,48.2,5593,1149,28044,43213,44706,8848,47996,62748,3549
2016,11,2.8285714285714287,5.442857142857143,3.4285714285714284,1.2714285714285716,4.5,6.371428571428572,1.9000000000000001,3.2,3.4285714285714284,-0.9714285714285714,0.4857142857142857,-0.6571428571428571,-1.542857142857143,-0.6571428571428574,1.2,-2.0285714285714285,-1.342857142857143,-0.6571428571428571,21.8,12.0,88.39999999999999,18.6,48.0,36.6,16.6,32.3,88.39999999999999,3979,708,31774,43213,38065,8235,43729,57827,3259
2016,12,0.05714285714285713,1.0857142857142856,0.3714285714285714,-0.9285714285714286,2.314285714285714,3.642857142857143,-1.2142857142857142,0.5499999999999999,0.3714285714285714,-4.3,-2.6714285714285713,-4.071428571428571,-5.128571428571428,-5.228571428571429,-1.5857142857142856,-5.528571428571429,-5.378571428571429,-4.071428571428571,11.4,47.2,48.199999999999996,19.2,14.0,13.0,9.2,11.6,48.199999999999996,3909,735,28211,43275,34449,7678,41768,54481,2951
2016,13,4.6000000000000005,5.371428571428572,4.285714285714286,2.6142857142857143,6.5,8.185714285714287,3.6571428571428575,5.078571428571429,4.285714285714286,-0.17142857142857143,1.1142857142857143,0.042857142857142864,-1.157142857142857,-0.7142857142857143,2.4714285714285715,-2.0,-1.3571428571428572,0.042857142857142864,103.0,45.0,48.6,86.80000000000001,126.0,71.2,115.8,120.9,48.6,1373,198,20295,33724,21929,5307,28580,37561,2070
2016,14,7.3,8.557142857142857,6.8999999999999995,5.828571428571428,9.285714285714286,10.142857142857142,5.428571428571429,7.357142857142858,6.8999999999999995,2.6285714285714286,2.757142857142857,2.185714285714286,1.1857142857142857,1.2142857142857142,4.285714285714286,0.38571428571428573,0.7999999999999999,2.185714285714286,18.4,27.4,50.4,46.8,51.4,90.8,58.6,55.0,50.4,0,102,14224,24144,13075,3453,18938,24737,1385
2016,15,3.4714285714285715,4.557142857142858,2.957142857142857,2.1,5.357142857142857,6.571428571428571,2.6999999999999997,4.0285714285714285,2.957142857142857,-0.7428571428571429,0.6428571428571429,-0.9285714285714287,-1.6142857142857143,-0.9,1.3857142857142857,-2.314285714285714,-1.607142857142857,-0.9285714285714287,16.4,30.2,87.4,39.0,77.6,35.0,34.4,56.0,87.4,0,87,10134,19696,7411,2599,13868,18080,979
2017,1,4.385714285714285,3.614285714285714,4.228571428571429,3.314285714285714,6.285714285714286,6.8,2.357142857142857,4.321428571428571,4.228571428571429,-1.6285714285714286,-0.7142857142857143,-1.1428571428571428,-2.2285714285714286,-3.7285714285714286,0.9857142857142858,-3.5,-3.6142857142857143,-1.1428571428571428,9.6,23.0,17.2,13.6,9.6,8.4,4.2,6.9,17.2,3569,96,6288,5663,18142,2569,14174,18739,1030
2017,2,7.671428571428572,7.714285714285714,7.885714285714286,6.742857142857143,10.314285714285715,9.457142857142857,6.3999999999999995,8.357142857142858,7.885714285714286,0.7857142857142857,1.6142857142857143,0.8285714285714285,0.15714285714285708,-2.6285714285714286,3.1142857142857143,-1.0714285714285714,-1.85,0.8285714285714285,0.0,2.0,0.0,0.4,0.0,0.0,0.0,0.0,0.0,798,33,2644,3577,9023,1236,6636,8792,478
2017,3,3.3285714285714287,2.7714285714285714,2.7857142857142856,2.1285714285714286,6.442857142857143,6.285714285714286,3.3714285714285714,4.9071428571428575,2.7857142857142856,-0.8285714285714285,-1.2857142857142858,-0.9857142857142858,-1.3857142857142857,-4.285714285714286,0.9857142857142858,-2.3285714285714287,-3.307142857142857,-0.9857142857142858,0.0,16.6,1.4,0.8,0.2,0.0,0.2,0.2,1.4,846,72,5756,7935,13836,2180,11543,15236,842
2017,4,2.314285714285714,1.3285714285714287,0.6571428571428571,0.7285714285714285,4.3428571428571425,4.357142857142857,1.1142857142857143,2.7285714285714286,0.6571428571428571,-3.642857142857143,-2.957142857142857,-3.6714285714285713,-4.3,-6.685714285714285,-1.5857142857142856,-5.971428571428571,-6.328571428571427,-3.6714285714285713,0.6000000000000001,24.2,14.0,18.2,2.8,3.6,0.4,1.5999999999999999,14.0,3486,132,17281,16182,26972,4933,26374,34802,1923
2017,5,-0.35714285714285715,0.5428571428571429,-0.17142857142857143,-1.2428571428571427,0.4,1.957142857142857,-1.2857142857142858,-0.4428571428571429,-0.17142857142857143,-2.5714285714285716,-2.314285714285714,-2.5,-3.1714285714285713,-3.042857142857143,-0.5857142857142856,-4.242857142857143,-3.6428571428571432,-2.5,44.4,22.0,95.4,110.6,51.0,81.2,21.8,36.4,95.4,5981,162,29573,30745,50070,8953,49289,64376,3523
2017,6,-0.34285714285714286,1.6142857142857143,-0.5714285714285714,-1.5142857142857142,2.0285714285714285,2.8000000000000003,-1.5,0.26428571428571423,-0.5714285714285714,-3.9714285714285715,-2.557142857142857,-3.742857142857143,-5.414285714285714,-6.371428571428571,-1.5857142857142859,-6.028571428571429,-6.2,-3.742857142857143,2.0,10.200000000000001,32.4,128.79999999999998,9.8,13.0,3.4,6.6000000000000005,32.4,9132,387,33467,38180,57787,10860,58279,76620,4189
2017,7,-0.24285714285714285,1.4000000000000001,0.07142857142857141,-1.5571428571428572,1.5285714285714285,2.2142857142857144,-1.2142857142857142,0.15714285714285714,0.07142857142857141,-4.428571428571429,-2.357142857142857,-3.6714285714285713,-5.257142857142857,-4.357142857142857,-1.9000000000000001,-5.442857142857143,-4.9,-3.6714285714285713,18.599999999999998,56.4,59.0,128.79999999999998,32.4,47.0,12.4,22.4,59.0,7286,962,23812,30541,40050,7768,42457,56369,3031
2017,8,1.4,3.2,1.7571428571428573,-0.12857142857142856,2.9857142857142853,4.6571428571428575,0.41428571428571426,1.6999999999999997,1.7571428571428573,-2.585714285714286,-1.342857142857143,-2.3714285714285714,-3.7285714285714286,-2.0142857142857142,-0.11428571428571432,-3.185714285714286,-2.6,-2.3714285714285714,20.2,29.2,54.2,128.79999999999998,49.6,29.4,12.0,30.8,54.2,5799,702,25596,29332,37535,7398,40744,53570,2928
2017,9,0.4714285714285714,1.457142857142857,0.7142857142857142,-0.48571428571428565,1.7142857142857142,2.6,-0.6,0.5571428571428572,0.7142857142857142,-2.9714285714285715,-1.9285714285714286,-2.1,-3.6714285714285713,-4.457142857142857,-1.0285714285714287,-5.385714285714286,-4.921428571428572,-2.1,16.8,18.6,37.2,128.79999999999998,41.199999999999996,57.4,9.2,25.199999999999996,37.2,5331,1176,29214,34784,39778,8341,45216,60063,3290
2017,10,0.9,3.3285714285714287,1.8142857142857143,-0.6142857142857142,2.9,3.5714285714285716,0.24285714285714283,1.5714285714285714,1.8142857142857143,-2.314285714285714,-1.0571428571428572,-1.8857142857142857,-3.242857142857143,-1.9285714285714286,-0.6857142857142857,-3.8285714285714287,-2.8785714285714286,-1.8857142857142857,25.2,50.4,71.39999999999999,128.79999999999998,66.0,36.800000000000004,4.4,35.2,71.39999999999999,6311,1317,33652,39838,48862,10099,55420,72515,4046
2017,11,0.45714285714285713,1.6428571428571428,0.6428571428571429,-1.1,1.0999999999999999,3.4857142857142853,-0.8142857142857143,0.1428571428571428,0.6428571428571429,-3.014285714285714,-1.5999999999999999,-2.685714285714286,-3.9857142857142853,-2.642857142857143,-1.0285714285714285,-4.0,-3.321428571428571,-2.685714285714286,161.6,82.2,175.4,128.79999999999998,243.2,107.0,166.4,204.8,175.4,5884,1452,35159,41643,45833,10008,53536,70718,3873
2017,12,0.8142857142857142,0.7428571428571429,-0.2285714285714285,-1.3,2.5,4.114285714285715,-0.5142857142857143,0.9928571428571429,-0.2285714285714285,-3.9857142857142853,-3.085714285714286,-4.085714285714286,-4.971428571428571,-5.285714285714286,-1.0571428571428572,-5.457142857142857,-5.371428571428572,-4.085714285714286,4.0,36.400000000000006,45.599999999999994,128.79999999999998,5.2,3.8,7.6000000000000005,6.4,45.599999999999994,4921,936,32732,38487,44047,9105,49658,65364,3634
2017,13,2.642857142857143,3.414285714285714,2.814285714285714,1.5857142857142859,4.814285714285715,6.071428571428571,1.3857142857142857,3.1000000000000005,2.814285714285714,-4.7,-2.185714285714286,-3.8000000000000003,-5.571428571428571,-6.414285714285714,-1.6142857142857143,-6.2,-6.307142857142857,-3.8000000000000003,15.2,16.6,9.2,128.79999999999998,3.4,4.8,0.6,2.0,9.2,4086,897,26326,34745,32214,7230,39634,52565,2853
2017,14,-0.4428571428571429,-0.21428571428571427,-0.9857142857142858,-1.6285714285714286,1.1428571428571428,2.0,-1.8,-0.3285714285714286,-0.9857142857142858,-4.8,-3.685714285714286,-4.4,-5.557142857142857,-3.914285714285714,-2.2714285714285714,-5.585714285714286,-4.75,-4.4,67.6,118.0,94.4,128.79999999999998,69.0,20.200000000000003,2.2,35.6,94.4,5565,1023,21960,28865,32542,6867,37173,48963,2669
2017,15,2.914285714285714,3.6857142857142855,3.4,2.1,5.3428571428571425,6.0,2.442857142857143,3.892857142857143,3.4,-2.6000000000000005,-1.9000000000000001,-3.057142857142857,-3.5285714285714285,-1.0142857142857142,0.31428571428571417,-3.2857142857142856,-2.15,-3.057142857142857,43.4,78.0,69.2,128.79999999999998,55.00000000000001,38.4,7.8,31.400000000000002,69.2,3409,408,14990,21846,24402,4847,26630,34698,1941
2018,1,4.371428571428572,5.0,4.542857142857143,3.3285714285714287,5.3,6.242857142857143,2.2285714285714286,3.7642857142857142,4.542857142857143,-0.3,0.8571428571428571,0.028571428571428574,-0.7714285714285715,-0.1857142857142857,1.9142857142857144,-1.4857142857142858,-0.8357142857142857,0.028571428571428574,20.8,4.0,59.199999999999996,36.6,26.8,38.400000000000006,23.2,25.0,59.199999999999996,2753,192,6271,4735,13279,2060,11210,14866,825
2018,2,6.344131569286608e-17,1.0142857142857142,0.21428571428571422,-0.8142857142857144,0.8142857142857144,1.9285714285714286,-1.1285714285714286,-0.15714285714285708,0.21428571428571422,-2.6,-1.3285714285714287,-2.314285714285714,-3.1571428571428575,-3.357142857142857,-0.6285714285714287,-4.0285714285714285,-3.692857142857143,-2.314285714285714,74.2,37.4,102.60000000000001,39.4,112.6,75.2,53.400000000000006,83.0,102.60000000000001,2102,180,3489,3408,11039,1591,8547,11276,630
2018,3,0.35714285714285715,2.0571428571428574,0.5714285714285714,-1.2285714285714284,3.4285714285714284,4.971428571428571,-0.5285714285714286,1.45,0.5714285714285714,-4.1,-1.957142857142857,-3.314285714285714,-5.114285714285714,-4.685714285714286,-0.8428571428571429,-5.171428571428572,-4.928571428571429,-3.314285714285714,103.2,222.4,19.8,2.2,8.6,0.6,4.4,6.5,19.8,5768,339,6911,8450,19293,3095,17226,22795,1264
2018,4,2.157142857142857,2.7285714285714286,1.7714285714285716,-0.42857142857142855,4.314285714285714,4.428571428571429,1.0571428571428572,2.6857142857142855,1.7714285714285716,-3.0428571428571423,-0.9000000000000001,-2.442857142857143,-4.157142857142857,-5.6571428571428575,-0.44285714285714295,-4.8999999999999995,-5.2785714285714285,-2.442857142857143,4.6,11.0,9.8,12.8,15.8,13.2,6.4,11.100000000000001,9.8,7058,474,17524,16200,27761,5357,28601,37741,2062
2018,5,1.8571428571428572,3.7142857142857144,2.2857142857142856,1.157142857142857,3.9285714285714284,4.914285714285714,2.185714285714286,3.057142857142857,2.2857142857142856,-1.9000000000000001,-0.1857142857142857,-1.7571428571428573,-2.8714285714285714,-2.8857142857142857,0.3999999999999999,-3.242857142857143,-3.064285714285714,-1.7571428571428573,33.4,36.0,27.0,28.599999999999998,64.6,46.2,34.6,49.599999999999994,27.0,11141,810,31435,32502,54337,10213,54351,71310,3902
2018,6,1.4857142857142858,1.657142857142857,1.1857142857142857,0.8428571428571429,3.857142857142857,3.0142857142857147,0.2285714285714285,2.0428571428571427,1.1857142857142857,-4.714285714285714,-2.6,-4.428571428571429,-5.385714285714286,-7.5,-2.857142857142857,-6.071428571428571,-6.785714285714286,-4.428571428571429,1.2,33.8,21.8,6.6,0.0,15.6,1.5999999999999999,0.7999999999999999,21.8,18031,1086,37737,40750,66326,12863,70634,93226,5033
2018,7,-1.3142857142857143,1.6428571428571428,-0.6,-1.9857142857142858,1.2285714285714289,1.5714285714285714,-1.157142857142857,0.03571428571428592,-0.6,-4.8428571428571425,-2.9,-3.8857142857142857,-5.328571428571428,-5.557142857142857,-2.9714285714285715,-5.957142857142857,-5.757142857142857,-3.8857142857142857,10.8,18.0,29.8,1.0,42.6,15.0,15.200000000000001,28.900000000000002,29.8,8803,1269,25157,31768,46230,8428,46287,61632,3344
2018,8,0.7999999999999999,2.4428571428571426,1.0142857142857145,0.09999999999999999,2.2714285714285714,3.7142857142857144,0.5571428571428572,1.4142857142857141,1.0142857142857145,-2.5,-1.2714285714285716,-2.185714285714286,-3.042857142857143,-2.2857142857142856,-0.15714285714285708,-3.5714285714285716,-2.928571428571429,-2.185714285714286,17.4,19.2,34.4,36.4,33.0,11.399999999999999,29.799999999999997,31.4,34.4,7966,1128,24150,29814,39057,7857,41879,55592,3031
2018,9,1.0999999999999999,2.542857142857143,1.2,0.05714285714285714,3.057142857142857,4.1571428571428575,0.21428571428571436,1.6357142857142857,1.2,-3.2285714285714286,-2.357142857142857,-3.3000000000000003,-4.671428571428572,-3.6714285714285713,-1.0857142857142856,-5.742857142857143,-4.707142857142857,-3.3000000000000003,37.0,26.4,90.2,12.6,80.0,52.4,16.2,48.1,90.2,8950,1719,30515,33734,45601,9032,49315,65256,3522
2018,10,-0.15714285714285717,1.1142857142857143,0.1857142857142857,-1.3571428571428572,1.7714285714285716,2.3000000000000003,0.6428571428571429,1.2071428571428573,0.1857142857142857,-4.257142857142857,-2.814285714285714,-3.8000000000000003,-4.928571428571429,-2.914285714285714,-1.2285714285714289,-5.142857142857143,-4.0285714285714285,-3.8000000000000003,25.199999999999996,51.4,84.6,11.399999999999999,88.4,46.8,6.2,47.300000000000004,84.6,7621,1860,33527,41774,43886,9444,52085,69540,3849
2018,11,-1.0285714285714287,1.1285714285714286,-0.9000000000000001,-1.5999999999999999,1.6428571428571428,1.8285714285714285,-0.8142857142857144,0.4142857142857142,-0.9000000000000001,-3.885714285714286,-2.357142857142857,-3.414285714285714,-4.2,-3.2285714285714286,-1.5285714285714285,-4.942857142857143,-4.085714285714285,-3.414285714285714,27.799999999999997,33.8,62.2,18.4,70.6,34.4,13.0,41.8,62.2,6837,1452,38115,40149,46782,9592,53194,70211,3867
2018,12,1.457142857142857,2.3285714285714287,0.6714285714285715,-1.0571428571428572,2.8428571428571425,3.7857142857142856,-0.7571428571428571,1.0428571428571427,0.6714285714285715,-3.5285714285714285,-2.4285714285714284,-4.385714285714285,-4.414285714285714,-6.085714285714286,-1.3000000000000003,-6.514285714285714,-6.300000000000001,-4.385714285714285,38.4,68.2,21.4,3.4,11.200000000000001,6.3999999999999995,0.6000000000000001,5.9,21.4,10011,1374,35284,38075,46140,9764,53232,70681,3839
2018,13,0.48571428571428577,1.5428571428571427,0.8428571428571429,-2.4,2.542857142857143,4.571428571428571,0.17142857142857143,1.3571428571428572,0.8428571428571429,-6.1571428571428575,-3.585714285714286,-5.171428571428572,-7.028571428571429,-6.557142857142857,-1.9714285714285713,-7.171428571428572,-6.864285714285714,-5.171428571428572,6.6,44.0,18.200000000000003,21.200000000000003,29.8,24.2,11.6,20.7,18.200000000000003,6751,913,28187,32603,34877,7557,41257,54342,2943
2018,14,4.171428571428572,4.714285714285714,3.685714285714286,2.1285714285714286,5.785714285714286,7.357142857142857,2.2142857142857144,4.0,3.685714285714286,-2.1571428571428575,-0.6428571428571429,-1.885714285714286,-3.4857142857142853,-2.9714285714285715,0.4142857142857143,-5.071428571428571,-4.021428571428571,-1.885714285714286,0.0,6.8,19.2,51.400000000000006,38.6,47.8,0.0,19.3,19.2,5793,498,21947,28410,31144,6454,34676,46265,2542
2018,15,5.528571428571429,6.771428571428571,4.985714285714286,4.671428571428572,8.014285714285714,10.657142857142857,7.128571428571428,7.571428571428571,4.985714285714286,-0.07142857142857142,0.4714285714285714,-0.38571428571428573,-1.0714285714285714,0.10000000000000002,2.557142857142857,-0.9000000000000001,-0.4000000000000001,-0.38571428571428573,0.0,13.0,4.4,1.4,9.0,5.0,5.6,7.3,4.4,4064,258,15320,19085,20104,4262,23050,30146,1688
2019,1,3.514285714285714,4.271428571428571,3.585714285714286,5.5,5.242857142857143,6.057142857142857,2.9714285714285715,4.107142857142858,3.585714285714286,-2.3428571428571425,-0.4428571428571429,-2.1285714285714286,-2.5,-2.9571428571428577,0.5428571428571428,-3.3857142857142857,-3.1714285714285717,-2.1285714285714286,46.800000000000004,59.99999999999999,19.2,0.4,17.2,4.0,5.800000000000001,11.5,19.2,6393,237,5948,8702,22375,3472,18741,24730,1385
2019,2,3.6142857142857143,7.928571428571429,3.7714285714285714,9.4,5.371428571428571,6.714285714285714,3.1142857142857143,4.242857142857143,3.7714285714285714,0.44285714285714295,0.8857142857142858,0.1857142857142857,-0.9,0.7285714285714286,2.8714285714285714,-0.2571428571428571,0.23571428571428577,0.1857142857142857,133.4,15.200000000000001,134.4,1.2000000000000002,67.2,64.8,73.4,70.30000000000001,134.4,4311,81,3019,4257,10904,1831,9845,12913,700
2019,3,-0.18571428571428575,1.5857142857142856,0.32857142857142857,4.514285714285714,1.9000000000000001,3.8285714285714287,-1.2,0.3500000000000001,0.32857142857142857,-4.971428571428571,-2.3000000000000003,-4.071428571428571,-2.2714285714285714,-6.757142857142857,-2.2714285714285714,-7.271428571428571,-7.014285714285714,-4.071428571428571,7.4,44.8,38.0,0.4,2.4,2.4,3.6,3.0,38.0,5341,126,5820,7581,13018,2534,13374,17700,992
2019,4,4.628571428571428,5.7,4.328571428571428,3.8000000000000003,7.185714285714285,7.714285714285714,3.942857142857143,5.564285714285714,4.328571428571428,-0.6428571428571429,0.5714285714285713,-0.5428571428571428,-1.542857142857143,-4.4,0.9428571428571428,-4.0,-4.2,-0.5428571428571428,35.4,13.2,70.8,0.4,34.6,26.6,22.799999999999997,28.7,70.8,6645,63,13150,14826,29400,4763,25851,34236,1904
2019,5,2.8428571428571425,4.671428571428572,3.5,1.8000000000000003,5.8,7.6571428571428575,3.8285714285714287,4.814285714285714,3.5,-1.5857142857142856,-0.04285714285714283,-1.042857142857143,-2.2,-3.8285714285714287,0.6714285714285715,-4.0,-3.9142857142857146,-1.042857142857143,2.6,1.4000000000000001,7.4,0.6000000000000001,1.0,0.0,1.2,1.1,7.4,10595,123,26572,31088,46986,9019,48275,64459,3584
2019,6,-0.29999999999999993,1.0857142857142856,-3.172065784643304e-17,-0.8428571428571429,0.7428571428571429,1.5999999999999999,-1.3285714285714287,-0.2928571428571429,-3.172065784643304e-17,-3.1999999999999997,-1.9857142857142858,-2.7285714285714286,-3.742857142857143,-2.814285714285714,-1.1142857142857143,-4.257142857142857,-3.5357142857142856,-2.7285714285714286,102.8,51.6,105.6,0.6000000000000001,145.2,91.80000000000001,56.4,100.8,105.6,9056,318,36382,37988,49957,9962,55168,72800,3998
2019,7,0.6428571428571429,2.0571428571428574,1.0285714285714285,-0.27142857142857146,3.1999999999999997,3.5142857142857147,-0.21428571428571436,1.4928571428571427,1.0285714285714285,-3.4285714285714284,-1.5,-2.8714285714285714,-4.014285714285714,-2.685714285714286,-1.3857142857142857,-4.742857142857143,-3.7142857142857144,-2.8714285714285714,18.4,89.6,66.4,1.2000000000000002,30.799999999999997,27.4,6.6,18.7,66.4,9515,675,23978,33409,42583,8267,45493,60123,3377
2019,8,2.442857142857143,3.4857142857142853,2.2714285714285714,0.8428571428571429,4.142857142857143,5.957142857142857,2.1142857142857143,3.128571428571429,2.2714285714285714,-2.6285714285714286,-1.5428571428571427,-2.242857142857143,-3.4285714285714284,-2.1142857142857143,0.2285714285714285,-2.8428571428571425,-2.4785714285714286,-2.242857142857143,19.4,15.2,17.0,1.2000000000000002,28.0,9.4,10.600000000000001,19.3,17.0,10134,858,24998,31157,41415,8107,45050,58944,3318
2019,9,4.542857142857143,3.1142857142857143,4.371428571428572,3.3714285714285714,6.071428571428571,6.357142857142857,2.9857142857142853,4.5285714285714285,4.371428571428572,-2.2714285714285714,-1.8714285714285714,-1.4285714285714286,-2.5,-5.514285714285714,-0.15714285714285717,-4.042857142857143,-4.7785714285714285,-1.4285714285714286,12.200000000000001,17.4,9.2,0.2,4.6,9.2,3.8000000000000003,4.2,9.2,10039,924,31360,34471,40425,8547,46665,61440,3449
2019,10,-0.2285714285714286,0.7000000000000001,-0.4714285714285714,-1.5,0.9857142857142858,2.157142857142857,-1.2,-0.1071428571428571,-0.4714285714285714,-4.5,-3.1142857142857143,-4.271428571428571,-5.042857142857143,-4.228571428571429,-2.814285714285714,-4.771428571428571,-4.5,-4.271428571428571,39.8,103.19999999999999,20.4,0.0,107.4,23.6,20.0,63.7,20.4,4004,909,29531,39514,41156,8538,45330,60344,3258
2019,11,0.9571428571428572,2.757142857142857,1.8000000000000003,-0.32857142857142857,4.6571428571428575,5.185714285714285,1.4857142857142858,3.0714285714285716,1.8000000000000003,-3.4714285714285715,-2.0,-3.314285714285714,-3.9285714285714284,-4.428571428571429,-1.157142857142857,-4.785714285714286,-4.607142857142858,-3.314285714285714,30.599999999999998,90.0,21.0,0.0,9.4,3.2,1.8,5.6000000000000005,21.0,12128,1455,39955,40569,48415,10785,59101,77783,4333
2019,12,2.8000000000000003,2.7142857142857144,2.2714285714285714,0.9285714285714286,3.0714285714285716,4.814285714285714,-0.4714285714285714,1.3,2.2714285714285714,-4.285714285714286,-2.9857142857142853,-4.171428571428572,-5.042857142857143,-3.014285714285714,-1.4428571428571428,-5.1000000000000005,-4.057142857142857,-4.171428571428572,64.2,74.4,54.2,0.0,74.8,60.0,15.8,45.3,54.2,10255,1542,37905,38230,44315,10147,53915,71288,3980
2019,13,3.5,4.571428571428571,3.4857142857142853,2.2714285714285714,4.571428571428571,7.128571428571428,2.514285714285714,3.5428571428571427,3.4857142857142853,-3.628571428571429,-1.8142857142857143,-3.5142857142857147,-4.742857142857143,-6.828571428571428,-1.0714285714285714,-6.242857142857142,-6.535714285714285,-3.5142857142857147,4.6,24.799999999999997,13.799999999999999,0.0,4.4,0.2,3.0,3.7,13.799999999999999,8502,1083,33186,35090,34454,8432,45841,59693,3238
2019,14,4.485714285714286,4.557142857142857,4.057142857142857,2.9857142857142853,5.571428571428571,7.357142857142857,3.057142857142857,4.314285714285714,4.057142857142857,-0.8285714285714285,-0.2857142857142857,-0.7571428571428571,-1.5285714285714285,-0.4,2.0,-1.6857142857142855,-1.0428571428571427,-0.7571428571428571,25.0,69.6,53.2,0.0,60.599999999999994,46.8,18.6,39.599999999999994,53.2,6878,522,27192,30655,30775,7077,37957,49945,2733
2019,15,6.214285714285714,6.6571428571428575,5.242857142857143,4.057142857142857,8.2,8.528571428571428,4.557142857142858,6.378571428571428,5.242857142857143,-1.3285714285714287,-1.5142857142857142,-1.7857142857142858,-2.585714285714286,-1.9142857142857144,0.39999999999999997,-2.4857142857142853,-2.1999999999999997,-1.7857142857142858,13.6,109.6,27.8,0.0,7.4,9.6,2.8,5.1,27.8,6089,363,20169,22832,22540,5189,28383,37747,2018
2020,1,4.585714285714286,5.057142857142857,4.8999999999999995,5.3,6.8999999999999995,6.9,4.628571428571428,5.764285714285714,4.8999999999999995,-0.6142857142857142,-0.05714285714285716,-0.39999999999999997,0.6,-3.857142857142857,2.3714285714285714,-2.585714285714286,-3.2214285714285715,-0.39999999999999997,26.8,17.8,31.4,29.4,42.0,37.2,41.8,41.9,31.4,1074,126,2016,2905,2665,430,2281,2987,161
2020,2,2.9,4.142857142857143,2.957142857142857,5.3,4.585714285714286,5.557142857142857,3.3285714285714283,3.9571428571428573,2.957142857142857,0.0285714285714286,0.27142857142857146,-6.344131569286608e-17,0.6,-1.0857142857142859,1.9857142857142858,-1.4428571428571428,-1.2642857142857142,-6.344131569286608e-17,94.8,18.599999999999998,92.8,100.0,78.80000000000001,66.2,64.4,71.60000000000001,92.8,544,27,1346,1931,2843,311,1666,2205,122
2020,3,1.8142857142857143,2.242857142857143,1.6285714285714286,5.3,3.2857142857142856,3.7285714285714286,0.6,1.9428571428571428,1.6285714285714286,-2.857142857142857,-1.3428571428571427,-2.4,0.6,-3.8285714285714287,-0.6285714285714287,-4.8999999999999995,-4.364285714285714,-2.4,17.0,59.199999999999996,31.4,12.6,10.799999999999999,25.0,1.8,6.3,31.4,603,24,1416,1672,3537,334,1787,2373,133
2020,4,1.3142857142857143,3.8000000000000003,1.3714285714285714,5.3,2.857142857142857,3.5857142857142854,0.05714285714285716,1.4571428571428573,1.3714285714285714,-2.9285714285714284,-1.2714285714285716,-2.3428571428571425,0.6,-3.3285714285714287,-0.6714285714285714,-4.957142857142857,-4.142857142857143,-2.3428571428571425,18.8,55.8,47.6,34.0,47.8,16.2,27.4,37.599999999999994,47.6,2168,93,4172,4208,9988,969,5251,6968,379
2020,5,2.142857142857143,3.8285714285714283,2.585714285714286,3.185714285714286,4.8,5.971428571428571,2.0714285714285716,3.435714285714286,2.585714285714286,-1.2857142857142858,-0.14285714285714285,-0.8714285714285713,-0.05714285714285715,-4.771428571428571,1.3571428571428572,-2.9714285714285715,-3.8714285714285714,-0.8714285714285713,20.6,14.6,16.200000000000003,11.0,0.8,2.8,1.5999999999999999,1.2,16.200000000000003,4055,171,9325,7199,3537,1185,6327,8403,457
2020,6,1.4000000000000001,3.9857142857142853,4.057142857142858,1.1285714285714286,2.8428571428571425,5.185714285714285,0.07142857142857147,1.457142857142857,4.057142857142858,-2.3000000000000003,-0.8,-1.8,-2.9,-3.757142857142857,-0.15714285714285717,-4.614285714285714,-4.185714285714285,-1.8,29.599999999999998,88.6,1.2,7.800000000000001,99.4,11.6,60.6,80.0,1.2,2945,438,15316,8741,15619,1978,10795,14350,765
2020,7,4.042857142857143,3.057142857142857,4.585714285714286,3.3000000000000003,5.314285714285715,6.614285714285715,2.457142857142857,3.885714285714286,4.585714285714286,-1.342857142857143,-1.2,-0.6142857142857142,-2.442857142857143,-4.271428571428571,0.6142857142857142,-3.085714285714286,-3.678571428571429,-0.6142857142857142,5.8,18.400000000000002,8.6,4.0,17.799999999999997,9.4,7.6,12.7,8.6,1149,108,8953,6964,6805,1087,5849,7748,422
2020,8,5.028571428571429,5.7,5.528571428571429,4.014285714285714,6.271428571428572,7.1,3.442857142857143,4.857142857142858,5.528571428571429,-1.3571428571428572,-0.6571428571428571,-0.2857142857142857,-1.4000000000000001,-2.4714285714285715,1.957142857142857,-2.042857142857143,-2.257142857142857,-0.2857142857142857,29.2,78.0,1.0,4.0,62.599999999999994,3.8000000000000003,36.2,49.4,1.0,941,127,4401,3407,7366,720,3997,5264,286
2020,9,-0.04285714285714283,0.8285714285714284,0.3571428571428572,-1.1142857142857143,1.457142857142857,3.6,-0.9571428571428572,0.24999999999999994,0.3571428571428572,-4.242857142857143,-3.3857142857142857,-4.128571428571428,-4.785714285714286,-4.385714285714285,-1.4571428571428573,-5.171428571428572,-4.7785714285714285,-4.128571428571428,34.0,42.0,17.2,10.0,90.0,19.0,32.8,61.4,17.2,834,98,3476,4837,7312,733,4059,5356,292
2020,10,3.5285714285714285,4.585714285714286,3.942857142857143,2.6714285714285713,4.328571428571428,6.857142857142857,1.7142857142857142,3.0214285714285714,3.942857142857143,-0.9142857142857144,-0.04285714285714293,-0.5142857142857143,-1.4714285714285713,-1.3142857142857143,1.4285714285714286,-2.8000000000000003,-2.0571428571428574,-0.5142857142857143,69.2,47.2,5.2,37.199999999999996,52.8,38.0,33.0,42.9,5.2,0,9,1043,4869,3812,445,2366,3128,176
2020,11,-0.6,0.10000000000000006,-0.6571428571428571,-1.342857142857143,-0.04285714285714283,4.142857142857143,-2.2285714285714286,-1.1357142857142857,-0.6571428571428571,-3.3857142857142857,-2.3857142857142857,-3.1,-3.7142857142857144,-2.7857142857142856,0.05714285714285712,-4.228571428571429,-3.507142857142857,-3.1,10.6,152.2,78.4,38.0,127.0,51.4,37.4,82.2,78.4,0,0,0,0,0,0,0,0,0
2020,12,2.7142857142857144,4.028571428571429,2.2857142857142856,0.7285714285714285,4.185714285714286,4.4,0.04285714285714283,2.1142857142857143,2.2857142857142856,-4.1,-1.4857142857142855,-3.414285714285714,-4.514285714285714,-4.8,-0.2,-5.928571428571429,-5.364285714285714,-3.414285714285714,19.8,26.400000000000002,17.2,6.4,11.6,35.0,5.0,8.3,17.2,0,0,0,0,0,0,0,0,0
2020,13,4.442857142857143,7.657142857142857,3.857142857142857,2.9,6.485714285714286,4.4,3.6,5.042857142857143,3.857142857142857,-1.7285714285714284,-0.5857142857142857,-1.7857142857142858,-2.5285714285714285,-1.7857142857142858,-0.2,-2.3714285714285714,-2.0785714285714287,-1.7857142857142858,3.6,20.2,16.4,1.6,2.4,35.0,1.2,1.7999999999999998,16.4,0,0,0,0,0,0,0,0,0
2020,14,8.142857142857142,10.114285714285714,9.114285714285714,7.128571428571428,8.457142857142857,9.942857142857141,6.6000000000000005,7.5285714285714285,9.114285714285714,1.3857142857142857,2.6142857142857143,1.957142857142857,0.8857142857142858,1.3,2.257142857142857,-0.4,0.45,1.957142857142857,19.4,5.0,24.0,13.2,15.200000000000001,15.6,12.8,14.0,24.0,0,0,0,0,0,0,0,0,0
2020,15,9.714285714285714,10.042857142857143,9.742857142857144,8.957142857142857,11.942857142857141,12.885714285714286,8.542857142857143,10.242857142857142,9.742857142857144,3.7285714285714286,2.1714285714285713,3.9,3.142857142857143,2.9428571428571426,6.214285714285714,2.5,2.7214285714285715,3.9,22.6,1.0,28.799999999999997,21.2,13.2,26.0,17.2,15.2,28.799999999999997,0,0,0,0,0,0,0,0,0
2021,1,1.1285714285714286,4.5285714285714285,2.1714285714285713,0.7285714285714285,2.3000000000000003,3.057142857142857,-0.12857142857142856,1.0857142857142859,2.1714285714285713,-1.6714285714285713,-2.0714285714285716,-1.3571428571428572,-2.1714285714285713,-1.7285714285714289,-0.21428571428571422,-2.9714285714285715,-2.35,-1.3571428571428572,71.6,348.0,86.6,51.2,113.80000000000001,64.8,47.800000000000004,80.80000000000001,86.6,334,216,3992,8585,2198,830,4556,6003,323
2021,2,1.1428571428571428,2.8000000000000003,2.542857142857143,0.4857142857142857,2.757142857142857,4.585714285714286,-0.2857142857142857,1.2357142857142858,2.542857142857143,-1.4857142857142858,-0.2571428571428572,-1.3714285714285714,-2.085714285714286,-1.9428571428571428,0.1857142857142857,-2.7857142857142856,-2.3642857142857143,-1.3714285714285714,21.8,29.4,15.6,18.2,16.599999999999998,20.0,12.200000000000001,14.399999999999999,15.6,941,69,9086,13114,5269,1541,8255,10901,597
2021,3,2.142857142857143,3.1857142857142855,2.4857142857142853,1.2428571428571427,3.8000000000000003,4.585714285714286,0.8428571428571429,2.3214285714285716,2.4857142857142853,-1.2857142857142858,0.014285714285714235,-1.2,-2.0142857142857142,-2.757142857142857,0.48571428571428577,-4.185714285714286,-3.4714285714285715,-1.2,116.0,28.599999999999998,53.4,118.6,149.4,92.6,98.60000000000001,124.0,53.4,2614,99,16742,24383,17995,3315,18301,24338,1307
2021,4,0.9857142857142858,3.8000000000000003,1.7714285714285716,-0.0714285714285713,3.6,5.114285714285714,0.5714285714285713,2.085714285714286,1.7714285714285716,-1.9142857142857141,-0.7714285714285715,-1.7285714285714284,-2.914285714285714,-3.357142857142857,0.8142857142857143,-4.057142857142857,-3.7071428571428573,-1.7285714285714284,32.6,5.6,11.200000000000001,22.0,27.4,15.999999999999998,5.800000000000001,16.6,11.200000000000001,8833,315,28047,31297,39561,6070,32789,43413,2355
2021,5,2.442857142857143,2.242857142857143,1.8,0.6285714285714287,4.2,5.028571428571429,0.8571428571428571,2.5285714285714285,1.8,-3.585714285714286,-2.1,-3.257142857142857,-4.5,-6.885714285714286,-1.342857142857143,-5.514285714285714,-6.2,-3.257142857142857,11.8,16.2,17.2,5.8,2.4,15.4,1.0,1.7,17.2,11910,697,35270,36763,53339,8018,42107,55654,3029
2021,6,0.2571428571428571,1.7857142857142858,0.8142857142857143,-0.15714285714285717,1.2428571428571427,3.1285714285714286,-0.6285714285714287,0.307142857142857,0.8142857142857143,-2.142857142857143,-1.1285714285714286,-2.1571428571428575,-2.957142857142857,-2.0714285714285716,-0.4571428571428572,-3.1571428571428575,-2.6142857142857148,-2.1571428571428575,57.4,52.8,24.4,70.0,129.2,39.4,38.4,83.8,24.4,2430,103,13693,14100,26598,3099,17062,22523,1219
2021,7,-1.385714285714286,-0.3,-0.9285714285714286,-1.9000000000000001,0.24285714285714285,0.8142857142857143,-1.7,-0.7285714285714285,-0.9285714285714286,-4.314285714285714,-2.9857142857142853,-3.9857142857142853,-4.757142857142857,-5.071428571428571,-2.6142857142857143,-5.2,-5.135714285714286,-3.9857142857142853,9.4,50.4,3.6,38.6,84.4,65.0,57.39999999999999,70.9,3.6,3,0,6750,7500,7908,1186,6387,8333,468
2021,8,0.8714285714285716,2.6142857142857143,0.8142857142857142,0.05714285714285716,2.6714285714285713,3.628571428571429,-1.7,0.48571428571428565,0.8142857142857142,-2.7285714285714286,-2.0,-2.857142857142857,-3.3714285714285714,-2.0428571428571427,-0.7285714285714285,-5.2,-3.6214285714285714,-2.857142857142857,81.4,46.8,111.6,89.8,106.80000000000001,68.8,57.39999999999999,82.1,111.6,3274,468,18858,22133,31619,4115,22563,29825,1653
2021,9,1.042857142857143,1.6428571428571428,0.42857142857142855,-0.2285714285714286,4.1571428571428575,2.8000000000000003,0.4999999999999999,2.3285714285714287,0.42857142857142855,-3.3000000000000003,-1.5571428571428572,-2.7714285714285714,-3.757142857142857,-3.3857142857142857,-1.0142857142857145,-4.357142857142857,-3.871428571428571,-2.7714285714285714,16.0,40.0,23.4,16.4,39.199999999999996,45.6,20.4,29.799999999999997,23.4,1757,774,27982,9250,25906,3478,19180,25409,1388
2021,10,1.5999999999999999,3.9428571428571426,1.8142857142857145,0.8857142857142858,3.757142857142857,5.471428571428571,2.957142857142857,3.3571428571428568,1.8142857142857145,-1.657142857142857,-0.35714285714285715,-1.5,-2.3000000000000003,-2.7714285714285714,0.35714285714285715,-2.185714285714286,-2.4785714285714286,-1.5,10.8,12.799999999999999,17.599999999999998,10.4,52.2,21.8,0.0,26.1,17.599999999999998,2392,834,16215,14152,16707,2706,14564,19460,1036
2021,11,3.585714285714286,5.442857142857143,3.8714285714285714,1.8285714285714287,5.257142857142857,7.071428571428571,3.185714285714286,4.2214285714285715,3.8714285714285714,-1.342857142857143,0.17142857142857149,-0.7142857142857143,-1.8571428571428572,-1.2714285714285716,1.0714285714285714,-1.2571428571428573,-1.2642857142857145,-0.7142857142857143,8.4,25.8,8.6,1.6,14.6,14.6,5.6,10.1,8.6,1948,0,15773,16893,15200,2680,14342,18796,1046
2021,12,0.1714285714285714,1.0714285714285714,-0.10000000000000002,-0.5285714285714286,2.4285714285714284,4.7,0.22857142857142856,1.3285714285714285,-0.10000000000000002,-3.0142857142857147,-1.9000000000000001,-2.914285714285714,-3.4857142857142853,-2.0285714285714285,-0.028571428571428564,-3.6999999999999997,-2.864285714285714,-2.914285714285714,46.0,96.0,23.6,47.800000000000004,50.00000000000001,27.2,31.0,40.5,23.6,0,0,4200,10746,5401,1102,5792,7640,424
2021,13,4.957142857142857,7.371428571428572,5.914285714285714,4.0285714285714285,7.057142857142857,9.814285714285715,4.071428571428571,5.564285714285714,5.914285714285714,1.3857142857142857,2.557142857142857,1.7142857142857142,0.5428571428571428,1.2714285714285716,3.857142857142857,-0.8142857142857143,0.22857142857142865,1.7142857142857142,82.39999999999999,99.0,5.4,90.0,100.0,84.19999999999999,122.8,111.4,5.4,0,15,4200,7505,3732,806,4411,5871,329
2021,14,5.185714285714285,6.914285714285714,7.028571428571428,4.457142857142857,6.828571428571428,9.114285714285714,3.8857142857142857,5.357142857142857,7.028571428571428,-0.48571428571428565,-0.7142857142857143,-0.4714285714285715,-1.2,0.8142857142857143,2.0,-1.042857142857143,-0.11428571428571432,-0.4714285714285715,11.6,23.599999999999998,0.0,2.4,2.4,10.4,2.4,2.4,0.0,176,33,5617,7698,176,742,3909,5192,286
2021,15,3.242857142857143,4.571428571428571,4.285714285714286,2.0,4.985714285714286,7.5,2.442857142857143,3.7142857142857144,4.285714285714286,-2.3000000000000003,-1.7857142857142858,-1.9857142857142858,-2.8857142857142857,-3.4142857142857146,0.42857142857142866,-4.3428571428571425,-3.8785714285714286,-1.9857142857142858,72.6,29.2,0.0,65.39999999999999,69.4,38.2,50.199999999999996,59.8,0.0,475,618,11309,5282,5975,1282,6774,8958,504
2022,1,-1.3285714285714287,-0.35714285714285715,-0.9714285714285714,-1.8571428571428572,-0.3428571428571429,-0.0142857142857143,-2.8428571428571425,-1.5928571428571427,-0.9714285714285714,-4.5285714285714285,-2.142857142857143,-3.2571428571428567,-4.428571428571429,-3.314285714285714,-1.9857142857142858,-5.314285714285715,-4.314285714285715,-3.2571428571428567,8.0,189.2,12.600000000000001,0.8,102.60000000000001,41.6,18.2,60.400000000000006,12.600000000000001,8513,1038,16726,16216,27665,5144,28482,37439,2109
2022,2,2.314285714285714,3.0285714285714285,1.757142857142857,0.04285714285714289,4.771428571428571,5.357142857142857,1.7285714285714284,3.25,1.757142857142857,-2.7285714285714286,-0.7714285714285715,-2.3428571428571425,-3.0285714285714285,-4.685714285714285,-1.3571428571428572,-3.8285714285714287,-4.257142857142857,-2.3428571428571425,39.800000000000004,52.6,75.60000000000001,38.6,14.0,24.6,6.2,10.1,75.60000000000001,6516,711,17273,11828,33328,5403,28805,38068,2110
2022,3,1.0285714285714287,2.5,1.3142857142857143,0.5714285714285714,2.4857142857142853,3.6142857142857143,0.21428571428571433,1.3499999999999999,1.3142857142857143,-1.157142857142857,0.32857142857142857,-0.7285714285714285,-1.6428571428571428,-1.557142857142857,0.7428571428571429,-2.6714285714285713,-2.114285714285714,-0.7285714285714285,50.6,19.0,84.6,61.0,45.4,27.4,28.799999999999997,37.099999999999994,84.6,5609,426,17846,21374,36352,5887,32323,42997,2385
2022,4,2.0,3.757142857142857,4.0,1.342857142857143,3.057142857142857,3.6571428571428575,1.6428571428571428,2.3499999999999996,4.0,-3.957142857142857,-2.1142857142857143,-2.542857142857143,-4.7,-3.1714285714285713,-0.4714285714285714,-4.042857142857143,-3.6071428571428568,-2.542857142857143,14.4,27.8,24.2,11.8,9.8,8.4,4.6000000000000005,7.200000000000001,24.2,10614,984,32710,31895,58192,9683,51793,68311,3705
2022,5,2.057142857142857,2.6714285714285713,4.171428571428572,1.7428571428571427,2.5,3.414285714285714,1.0857142857142859,1.792857142857143,4.171428571428572,-3.685714285714286,-1.4142857142857144,-1.0000000000000002,-4.0,-4.242857142857143,-1.2857142857142858,-5.271428571428571,-4.757142857142857,-1.0000000000000002,5.0,10.6,9.4,1.0,10.200000000000001,8.4,2.1999999999999997,6.2,9.4,11092,1071,39827,36797,65372,10791,58950,77499,4232
2022,6,0.08571428571428573,1.1714285714285713,0.04285714285714286,-0.9,1.9857142857142858,3.4857142857142853,-0.7571428571428572,0.6142857142857143,0.04285714285714286,-4.642857142857143,-2.157142857142857,-3.7857142857142856,-4.771428571428571,-6.742857142857143,-1.7285714285714284,-6.028571428571429,-6.385714285714286,-3.7857142857142856,10.6,84.0,13.399999999999999,5.4,12.2,3.2,1.2,6.699999999999999,13.399999999999999,9082,660,34135,40770,49092,9436,50846,66744,3615
2022,7,1.6714285714285713,3.442857142857143,2.142857142857143,0.48571428571428565,2.4714285714285715,4.457142857142857,-0.4571428571428572,1.0071428571428571,2.142857142857143,-3.4,-2.085714285714286,-2.4714285714285715,-4.171428571428572,-4.5285714285714285,-1.1,-5.742857142857142,-5.135714285714285,-2.4714285714285715,14.6,21.0,26.6,13.0,50.599999999999994,13.2,9.399999999999999,29.999999999999996,26.6,8570,1158,34204,38308,49631,9266,50463,66904,3723
2022,8,0.42857142857142855,2.028571428571429,0.32857142857142857,-0.4142857142857143,2.442857142857143,3.3,0.05714285714285715,1.25,0.32857142857142857,-3.0714285714285716,-2.0571428571428574,-2.6571428571428575,-3.871428571428571,-3.5714285714285716,-1.1142857142857143,-4.771428571428571,-4.171428571428572,-2.6571428571428575,38.6,67.8,47.0,41.4,25.8,37.6,23.4,24.6,47.0,7825,1032,32560,35915,50634,9018,48895,64587,3536
2022,9,1.8142857142857143,2.7,2.0571428571428574,4.071428571428571,3.3285714285714287,5.214285714285714,0.8142857142857143,2.0714285714285716,2.0571428571428574,-1.9714285714285715,-0.6285714285714284,-1.3,-3.3857142857142857,-1.3714285714285714,0.6857142857142857,-2.9,-2.1357142857142857,-1.3,105.19999999999999,42.0,63.39999999999999,70.8,269.40000000000003,95.0,162.6,216.0,63.39999999999999,7810,819,34634,39378,40367,8602,46293,60980,3441
2022,10,0.38571428571428573,2.7285714285714286,1.4428571428571428,5.6,2.3000000000000003,4.514285714285714,-0.6142857142857142,0.842857142857143,1.4428571428571428,-2.8857142857142857,-1.4428571428571428,-2.5142857142857147,-3.3,-4.1,-0.2714285714285714,-5.0,-4.55,-2.5142857142857147,26.599999999999998,5.3999999999999995,26.8,24.200000000000003,36.2,36.2,15.0,25.6,26.8,6587,1314,37253,41541,44242,9356,49363,65991,3634
2022,11,1.1857142857142857,3.242857142857143,1.7714285714285711,1.8428571428571427,2.9857142857142853,4.242857142857143,0.5285714285714286,1.757142857142857,1.7714285714285711,-2.542857142857143,-1.6,-2.1714285714285713,-3.2714285714285714,-3.0,-0.15714285714285717,-3.814285714285714,-3.407142857142857,-2.1714285714285713,71.0,108.2,121.0,46.8,101.0,57.6,31.0,66.0,121.0,7939,1577,34672,44226,43874,9146,49801,65880,3603
2022,12,2.585714285714286,4.6000000000000005,2.9857142857142853,2.028571428571429,4.442857142857143,5.8999999999999995,0.5285714285714286,2.4857142857142858,2.9857142857142853,-2.642857142857143,-1.0999999999999999,-1.9285714285714286,-3.1,-4.314285714285715,-0.7571428571428571,-5.057142857142857,-4.685714285714286,-1.9285714285714286,38.800000000000004,106.4,23.4,29.4,50.6,16.400000000000002,24.8,37.7,23.4,6782,975,33389,44959,44775,9077,49543,65716,3644
2022,13,3.2714285714285714,4.8,4.285714285714286,3.8,6.142857142857143,7.357142857142857,3.314285714285714,4.728571428571429,4.285714285714286,-2.414285714285714,-1.5142857142857145,-1.6142857142857143,0.6,-2.357142857142857,0.9000000000000001,-3.728571428571428,-3.0428571428571427,-1.6142857142857143,41.8,60.4,36.4,2.8000000000000003,22.400000000000002,12.0,24.400000000000002,23.400000000000002,36.4,4750,609,29398,35811,30766,6969,37838,49749,2794
2022,14,2.8714285714285714,3.8,2.9857142857142853,3.8,4.685714285714285,7.1571428571428575,2.7714285714285714,3.728571428571428,2.9857142857142853,-1.4142857142857144,-0.2714285714285714,-0.457142857142857,0.6,-1.8571428571428572,1.0857142857142856,-2.6285714285714286,-2.242857142857143,-0.457142857142857,38.4,38.8,86.60000000000001,6.4,23.4,34.800000000000004,30.599999999999998,27.0,86.60000000000001,3009,357,21856,30281,21896,5298,28277,37395,2038
2022,15,0.9714285714285714,2.7142857142857144,1.2857142857142858,3.8,3.4857142857142853,5.328571428571429,0.5714285714285714,2.0285714285714285,1.2857142857142858,-2.9285714285714284,-1.4000000000000001,-2.3285714285714287,0.6,-3.342857142857143,-0.2857142857142857,-4.4714285714285715,-3.9071428571428575,-2.3285714285714287,40.2,56.6,40.0,28.2,106.0,54.0,31.2,68.6,40.0,2262,85,18981,26821,19427,4557,24771,32777,1829
2023,1,4.071428571428571,5.271428571428571,3.657142857142857,3.4857142857142853,6.471428571428571,7.214285714285714,4.0,5.235714285714286,3.657142857142857,1.7,2.2285714285714286,1.2857142857142858,1.2285714285714284,0.9142857142857143,3.0285714285714285,0.39999999999999986,0.657142857142857,1.2857142857142858,123.0,64.2,175.6,126.60000000000001,76.8,43.4,94.0,85.4,175.6,1218,54,5318,7332,10172,1591,8545,11226,605
2023,2,0.4571428571428572,2.3428571428571425,1.0,1.3,1.8285714285714287,3.314285714285714,-0.14285714285714285,0.842857142857143,1.0,-1.5142857142857142,-0.5857142857142856,-1.4000000000000001,-1.5999999999999999,-1.3714285714285714,0.6,-2.6285714285714286,-2.0,-1.4000000000000001,51.0,28.400000000000002,73.0,33.199999999999996,47.8,32.6,9.6,28.7,73.0,2458,82,8241,7029,12397,1932,10240,13577,741
2023,3,-0.3857142857142856,0.32857142857142857,-0.5714285714285714,1.3,1.5285714285714287,2.8000000000000003,-1.1142857142857143,0.20714285714285718,-0.5714285714285714,-3.9,-3.0285714285714285,-3.985714285714286,-1.5,-4.6,-1.5857142857142856,-4.8428571428571425,-4.7214285714285715,-3.985714285714286,6.2,47.2,2.4,11.0,72.4,55.6,14.0,43.2,2.4,7129,422,18549,16737,23839,4120,21673,28654,1607
2023,4,0.9000000000000001,1.957142857142857,1.6857142857142855,2.0285714285714285,2.3714285714285714,2.7714285714285714,-1.2,0.5857142857142857,1.6857142857142855,-3.6714285714285717,-1.4428571428571428,-2.3714285714285714,-1.8142857142857143,-2.7,-1.157142857142857,-4.971428571428571,-3.8357142857142854,-2.3714285714285714,13.6,57.4,19.6,0.6000000000000001,68.2,39.6,16.6,42.400000000000006,19.6,17116,710,33179,29896,49596,8400,44587,59114,3258
2023,5,1.4142857142857144,2.9285714285714284,1.457142857142857,0.9857142857142858,2.7714285714285714,3.642857142857143,0.5571428571428572,1.6642857142857141,1.457142857142857,-1.5571428571428572,-0.3,-0.8285714285714285,-1.7,-1.5999999999999999,0.9571428571428573,-3.1571428571428575,-2.3785714285714286,-0.8285714285714285,57.99999999999999,25.4,56.0,59.4,105.2,60.4,32.0,68.6,56.0,14690,678,34315,34384,58139,9149,49756,66365,3688
2023,6,3.1714285714285717,4.1,3.7142857142857144,1.4000000000000001,5.071428571428571,6.114285714285714,2.5285714285714285,3.8,3.7142857142857144,-1.1285714285714286,-0.21428571428571427,-0.9285714285714286,-1.5714285714285714,-0.7142857142857143,1.1,-1.9428571428571428,-1.3285714285714285,-0.9285714285714286,45.8,7.4,77.2,47.2,2.0,10.6,0.6,1.3,77.2,9419,844,44648,39352,51039,8950,48555,63478,3573
2023,7,1.7142857142857142,3.6000000000000005,2.1,0.37142857142857144,4.642857142857143,5.6571428571428575,2.2285714285714286,3.435714285714286,2.1,-3.0,-1.2428571428571427,-2.8000000000000003,-3.5285714285714285,-4.542857142857143,-0.9142857142857144,-5.3999999999999995,-4.9714285714285715,-2.8000000000000003,3.8000000000000003,17.0,11.2,3.6,5.4,6.2,2.8000000000000003,4.1000000000000005,11.2,10343,589,35497,39492,46314,8106,44316,58267,3165
2023,8,4.314285714285715,6.428571428571429,4.814285714285715,3.3428571428571425,5.585714285714286,7.928571428571429,3.457142857142857,4.521428571428571,4.814285714285715,0.09999999999999995,1.3857142857142857,0.5571428571428572,-0.4,-2.042857142857143,2.4857142857142853,-1.5999999999999999,-1.8214285714285716,0.5571428571428572,24.6,16.6,18.8,24.6,32.8,23.4,7.8,20.299999999999997,18.8,10041,673,34086,35667,46474,7770,42124,55647,3090
2023,9,4.214285714285714,6.1000000000000005,5.057142857142857,3.8285714285714283,7.1571428571428575,9.085714285714285,4.6000000000000005,5.878571428571429,5.057142857142857,-0.3857142857142857,0.5428571428571429,-0.19999999999999998,-0.7142857142857143,-0.0571428571428572,2.628571428571429,-1.2,-0.6285714285714286,-0.19999999999999998,40.6,9.200000000000001,42.8,42.0,22.8,16.2,36.2,29.5,42.8,7015,1387,34067,39490,40587,7424,39758,52481,2884
2023,10,2.757142857142857,3.0714285714285716,2.6714285714285713,1.9142857142857144,4.8428571428571425,6.185714285714285,2.7714285714285714,3.807142857142857,2.6714285714285713,-1.7857142857142858,-0.6428571428571429,-1.342857142857143,-2.3285714285714287,-4.3428571428571425,0.32857142857142857,-3.5285714285714285,-3.9357142857142855,-1.342857142857143,11.600000000000001,23.8,19.2,3.2,12.0,12.0,2.2,7.1,19.2,7481,1495,35521,43353,37635,7666,40626,54314,2901
2023,11,2.3000000000000003,3.528571428571429,3.3000000000000003,1.8142857142857143,5.1571428571428575,5.785714285714286,1.8285714285714287,3.492857142857143,3.3000000000000003,-3.3285714285714287,-1.957142857142857,-2.7857142857142856,-3.6,-3.585714285714286,-1.0142857142857142,-4.6571428571428575,-4.121428571428572,-2.7857142857142856,12.6,27.200000000000003,18.8,17.0,29.2,19.6,10.399999999999999,19.799999999999997,18.8,4999,2050,37115,42005,36754,7581,40364,53176,2949
2023,12,5.771428571428571,6.871428571428572,6.585714285714286,5.228571428571429,7.985714285714286,9.657142857142857,4.8428571428571425,6.414285714285715,6.585714285714286,0.5428571428571428,0.8285714285714285,0.21428571428571427,-0.15714285714285717,-1.4,2.457142857142857,-0.3,-0.85,0.21428571428571427,19.2,22.799999999999997,23.6,25.8,21.4,12.0,18.6,20.0,23.6,3680,906,30944,36988,33923,6278,34371,45383,2480
2023,13,6.585714285714286,8.171428571428573,6.728571428571429,6.028571428571429,8.414285714285715,9.185714285714285,4.714285714285714,6.564285714285715,6.728571428571429,-0.18571428571428575,1.3714285714285714,0.48571428571428565,-0.4857142857142857,-1.5857142857142856,1.7714285714285716,-2.6,-2.092857142857143,0.48571428571428565,31.4,57.800000000000004,32.4,23.400000000000002,25.6,27.599999999999998,21.6,23.6,32.4,1265,1069,22969,28811,18840,4244,23161,30430,1650
2023,14,3.7142857142857144,4.128571428571429,3.8285714285714287,9.3,5.7,6.8999999999999995,5.9,5.800000000000001,3.8285714285714287,-2.8714285714285714,-1.6142857142857143,-2.4285714285714284,1.2,-1.842857142857143,0.11428571428571425,-6.3,-4.071428571428571,-2.4285714285714284,38.6,56.6,35.8,24.8,65.0,23.2,42.8,53.9,35.8,0,0,15149,22814,9166,2733,14628,19256,1037
2023,15,11.285714285714286,12.428571428571429,11.5,9.3,13.057142857142855,14.642857142857142,5.9,9.478571428571428,11.5,3.3285714285714283,4.328571428571428,3.7857142857142856,1.2,2.1,5.885714285714286,-6.3,-2.0999999999999996,3.7857142857142856,4.0,0.4,16.8,4.800000000000001,0.0,0.0,0.0,0.0,16.8,0,0,9148,16476,6355,1865,9901,13110,705
2024,1,5.071428571428571,4.4714285714285715,6.328571428571428,4.2,6.357142857142857,6.6571428571428575,3.8285714285714287,5.0928571428571425,6.328571428571428,-0.35714285714285715,0.1857142857142857,2.185714285714286,-0.7285714285714285,0.41428571428571426,1.5714285714285714,-0.5142857142857142,-0.04999999999999999,2.185714285714286,11.200000000000001,27.0,6.2,4.4,38.199999999999996,5.2,19.2,28.699999999999996,6.2,1558,0,2079,5511,5726,990,5493,7198,392
2024,2,1.542857142857143,1.2714285714285711,3.0285714285714285,1.3714285714285717,2.4142857142857146,3.9857142857142853,0.8285714285714285,1.6214285714285714,3.0285714285714285,-3.4714285714285715,-1.9428571428571428,-2.942857142857143,-3.8428571428571425,-3.6714285714285713,-0.9142857142857144,-4.042857142857143,-3.8571428571428568,-2.942857142857143,47.800000000000004,73.8,59.0,56.6,105.99999999999999,70.6,37.6,71.8,59.0,1546,12,4269,5506,8215,1264,6847,9075,505
2024,3,2.157142857142857,3.0,3.2142857142857144,1.3000000000000003,3.1571428571428575,5.457142857142857,-0.10000000000000002,1.5285714285714287,3.2142857142857144,-4.457142857142857,-2.6571428571428575,-2.9285714285714284,-4.928571428571429,-6.6571428571428575,-1.7857142857142858,-6.2,-6.428571428571429,-2.9285714285714284,1.6,16.8,2.8000000000000003,0.0,4.2,3.0,0.8,2.5,2.8000000000000003,1695,106,6033,6501,11786,1686,9071,12013,677
2024,4,-0.15714285714285717,1.7142857142857142,0.42857142857142855,-0.5142857142857143,2.0571428571428574,4.6000000000000005,-0.5714285714285714,0.742857142857143,0.42857142857142855,-2.5142857142857147,-1.0571428571428572,-2.3142857142857145,-3.0,-1.9142857142857144,0.5,-3.1714285714285713,-2.5428571428571427,-2.3142857142857145,36.0,42.6,29.4,35.6,81.4,23.400000000000002,31.799999999999997,56.6,29.4,4457,122,11558,19666,24083,3662,20186,26583,1460
2024,5,2.542857142857143,4.514285714285714,3.6285714285714286,1.4000000000000001,3.7285714285714286,5.4142857142857155,0.1571428571428571,1.9428571428571428,3.6285714285714286,-3.357142857142857,-1.3285714285714287,-2.3714285714285714,-4.371428571428572,-7.728571428571429,-1.7857142857142858,-8.057142857142857,-7.892857142857142,-2.3714285714285714,2.6,12.4,14.0,0.0,2.2,0.0,0.0,1.1,14.0,11079,426,27353,40093,50827,8563,45827,60244,3268
2024,6,2.971428571428571,2.657142857142857,1.3571428571428572,0.7857142857142857,4.014285714285714,5.6000000000000005,1.4285714285714286,2.7214285714285715,1.3571428571428572,-1.7428571428571427,0.10000000000000002,-1.342857142857143,-2.1714285714285713,-1.542857142857143,1.0714285714285714,-2.4285714285714284,-1.9857142857142858,-1.342857142857143,2.2,124.60000000000001,39.0,27.2,3.8000000000000003,26.8,8.6,6.2,39.0,9830,122,31258,46620,53357,8932,48866,64682,3602
2024,7,-0.1142857142857143,0.9857142857142858,0.15714285714285717,-0.7999999999999999,0.9142857142857144,1.0571428571428572,-1.1142857142857143,-0.09999999999999998,0.15714285714285717,-4.6571428571428575,-2.6,-3.857142857142857,-5.042857142857143,-3.942857142857143,-2.357142857142857,-5.285714285714286,-4.614285714285714,-3.857142857142857,81.0,223.2,21.0,27.6,89.4,58.2,20.4,54.900000000000006,21.0,9456,1403,36427,43349,45399,8530,46149,60369,3271
2024,8,0.5571428571428572,2.7285714285714286,0.7714285714285715,-0.7285714285714285,3.142857142857143,3.314285714285714,0.014285714285714235,1.5785714285714285,0.7714285714285715,-2.857142857142857,-0.8857142857142856,-2.3999999999999995,-3.142857142857143,-1.9000000000000001,-0.4,-4.414285714285714,-3.157142857142857,-2.3999999999999995,60.4,25.2,70.4,57.0,68.8,45.0,23.2,46.0,70.4,8513,1596,24401,43812,49676,8160,43752,57846,3164
2024,9,2.6999999999999997,5.242857142857143,2.6999999999999997,0.41428571428571426,4.2,5.028571428571429,1.042857142857143,2.6214285714285714,2.6999999999999997,-2.142857142857143,-1.5714285714285714,-3.3428571428571425,-5.3,-6.771428571428571,-2.585714285714286,-7.0857142857142845,-6.928571428571428,-3.3428571428571425,0.2,39.6,16.799999999999997,0.2,1.8,3.6,1.8,1.8,16.799999999999997,9635,2097,25904,49697,49587,8533,46790,62142,3457
2024,10,1.7142857142857142,4.771428571428571,2.7285714285714286,2.185714285714286,5.571428571428571,6.314285714285715,2.9285714285714284,4.25,2.7285714285714286,-1.7857142857142858,-0.10000000000000002,-1.0285714285714287,-2.5714285714285716,-4.5,0.9142857142857144,-4.085714285714286,-4.292857142857143,-1.0285714285714287,4.8,1.0,8.4,6.8,0.0,0.4,0.0,0.0,8.4,8121,1632,25139,38756,50031,7668,41927,55118,3084
2024,11,5.228571428571429,7.885714285714285,5.742857142857143,4.228571428571429,7.142857142857143,9.771428571428572,3.5285714285714285,5.335714285714285,5.742857142857143,1.2,2.871428571428571,1.9714285714285713,1.157142857142857,0.4714285714285715,3.857142857142857,-0.7142857142857143,-0.12142857142857141,1.9714285714285713,29.6,11.4,19.0,38.00000000000001,22.0,28.4,19.400000000000002,20.700000000000003,19.0,5977,1416,24260,38541,43387,6859,37608,49136,2667
2024,12,4.814285714285715,7.042857142857144,5.442857142857143,4.328571428571428,6.942857142857143,8.9,4.242857142857143,5.592857142857143,5.442857142857143,0.9285714285714286,2.1285714285714286,1.4142857142857144,0.4714285714285714,0.8428571428571429,3.357142857142857,-0.10000000000000002,0.37142857142857144,1.4142857142857144,49.8,19.4,37.4,47.4,24.2,18.2,28.6,26.4,37.4,3597,701,19289,42101,36668,5969,33208,43382,2392
2024,13,2.5714285714285716,4.685714285714285,3.6142857142857143,2.257142857142857,3.9,6.885714285714286,1.9000000000000001,2.9,3.6142857142857143,-0.7428571428571429,0.34285714285714286,-0.39999999999999997,-1.1714285714285713,-1.586032892321652e-17,1.3428571428571427,-1.7571428571428573,-0.8785714285714287,-0.39999999999999997,86.39999999999999,25.6,51.0,109.19999999999999,99.0,26.8,71.6,85.3,51.0,1500,213,14487,25252,15415,3351,18120,23908,1323
2024,14,5.514285714285714,7.071428571428571,5.885714285714286,4.428571428571429,7.6571428571428575,8.542857142857143,4.514285714285714,6.085714285714285,5.885714285714286,-0.5857142857142855,-0.2142857142857142,-0.7857142857142857,-1.4142857142857144,0.4714285714285715,2.042857142857143,-0.8285714285714286,-0.17857142857142858,-0.7857142857142857,27.6,48.400000000000006,37.0,28.6,34.8,20.0,21.0,27.9,37.0,0,0,2700,17137,0,1177,6270,8244,454
2024,15,5.8,4.942857142857143,5.4,4.5,9.042857142857143,8.542857142857143,5.528571428571429,7.2857142857142865,5.4,-1.4285714285714286,-0.17142857142857132,-1.4714285714285715,-1.9000000000000001,-1.4857142857142858,1.3142857142857143,-2.0714285714285716,-1.7785714285714287,-1.4714285714285715,28.4,74.2,29.6,32.400000000000006,18.0,31.2,17.4,17.7,29.6,0,0,0,12950,0,745,4103,5336,294
